{
    "rmse": 5.666996016103593,
    "mae": 3.9634327677736465,
    "r2": 0.8828209648736038
}